incident_id,expected,predicted,top1_correct,top3_correct,false_contributors,contributors,change_points,change_point_within_7_days,onset_error_days,cited_claims,claims,narrative_origin,latency_ms
INC-001-1,supplier_delay,['supplier_delay'],True,True,0,1,['2024-04-24'],True,4,1,1,deterministic_template,8.383500040508807
INC-001-2,transport_delay,['transport_delay'],True,True,0,1,['2024-08-12'],True,4,1,1,deterministic_template,7.230916991829872
INC-001-3,demand_surge,['demand_surge'],True,True,0,1,['2024-11-29'],True,3,1,1,deterministic_template,7.345499994698912
INC-001-4,forecast_bias,['forecast_bias'],True,True,0,1,['2025-03-20'],True,4,1,1,deterministic_template,6.724499980919063
INC-001-5,overforecast,['overforecast'],True,True,0,1,['2025-07-05'],True,1,1,1,deterministic_template,7.346125028561801
INC-002-1,supplier_delay,['supplier_delay'],True,True,0,1,['2024-04-26'],True,3,1,1,deterministic_template,7.240124978125095
INC-002-2,transport_delay,['transport_delay'],True,True,0,1,['2024-08-15'],True,4,1,1,deterministic_template,6.627707974985242
INC-002-3,demand_surge,['demand_surge'],True,True,0,1,['2024-12-03'],True,4,1,1,deterministic_template,6.932292017154396
INC-002-4,forecast_bias,['forecast_bias'],True,True,0,1,['2025-03-24'],True,5,1,1,deterministic_template,6.73416699282825
INC-002-5,overforecast,['overforecast'],True,True,0,1,['2025-07-08'],True,1,1,1,deterministic_template,7.285041036084294
INC-003-1,supplier_delay,['supplier_delay'],True,True,0,1,['2024-04-30'],True,4,1,1,deterministic_template,7.230249990243465
INC-003-2,transport_delay,['transport_delay'],True,True,0,1,['2024-08-18'],True,4,1,1,deterministic_template,6.55449996702373
INC-003-3,demand_surge,['demand_surge'],True,True,0,1,['2024-12-07'],True,5,1,1,deterministic_template,7.04108300851658
INC-003-4,forecast_bias,['forecast_bias'],True,True,0,1,['2025-03-27'],True,5,1,1,deterministic_template,6.85641699237749
INC-003-5,overforecast,['overforecast'],True,True,0,1,['2025-07-11'],True,1,1,1,deterministic_template,7.057333015836775
INC-004-1,supplier_delay,['supplier_delay'],True,True,0,1,['2024-05-02'],True,3,1,1,deterministic_template,7.3901250143535435
INC-004-2,transport_delay,['transport_delay'],True,True,0,1,['2024-08-21'],True,4,1,1,deterministic_template,7.996459025889635
INC-004-3,demand_surge,['demand_surge'],True,True,0,1,['2024-12-10'],True,5,1,1,deterministic_template,7.299083983525634
INC-004-4,forecast_bias,['forecast_bias'],True,True,0,1,['2025-03-30'],True,5,1,1,deterministic_template,6.955415999982506
INC-004-5,overforecast,['overforecast'],True,True,0,1,['2025-07-14'],True,1,1,1,deterministic_template,7.380582974292338
INC-005-1,supplier_delay,['supplier_delay'],True,True,0,1,['2024-05-06'],True,4,1,1,deterministic_template,6.963250052649528
INC-005-2,transport_delay,['transport_delay'],True,True,0,1,['2024-08-23'],True,3,1,1,deterministic_template,6.727625033818185
INC-005-3,demand_surge,['demand_surge'],True,True,0,1,['2024-12-12'],True,4,1,1,deterministic_template,7.068333972711116
INC-005-4,forecast_bias,['forecast_bias'],True,True,0,1,['2025-04-02'],True,5,1,1,deterministic_template,6.768500024918467
INC-005-5,overforecast,['overforecast'],True,True,0,1,['2025-07-17'],True,1,1,1,deterministic_template,7.329041953198612
INC-006-1,supplier_delay,['supplier_delay'],True,True,0,1,['2024-05-08'],True,3,1,1,deterministic_template,7.219500024802983
INC-006-2,transport_delay,['transport_delay'],True,True,0,1,['2024-08-27'],True,4,1,1,deterministic_template,6.821791990660131
INC-006-3,demand_surge,['demand_surge'],True,True,0,1,['2024-12-15'],True,4,1,1,deterministic_template,7.148083997890353
INC-006-4,forecast_bias,['forecast_bias'],True,True,0,1,['2025-04-05'],True,5,1,1,deterministic_template,6.764041027054191
INC-006-5,overforecast,['overforecast'],True,True,0,1,['2025-07-20'],True,1,1,1,deterministic_template,7.053250039462
INC-007-1,supplier_delay,['supplier_delay'],True,True,0,1,['2024-05-12'],True,4,1,1,deterministic_template,6.578708009328693
INC-007-2,transport_delay,['transport_delay'],True,True,0,1,['2024-08-30'],True,4,1,1,deterministic_template,6.865207978989929
INC-007-3,demand_surge,['demand_surge'],True,True,0,1,['2024-12-21'],True,7,1,1,deterministic_template,7.177749997936189
INC-007-4,forecast_bias,['forecast_bias'],True,True,0,1,['2025-04-07'],True,4,1,1,deterministic_template,6.792958010919392
INC-007-5,overforecast,['overforecast'],True,True,0,1,['2025-07-23'],True,1,1,1,deterministic_template,7.0335830096155405
INC-008-1,supplier_delay,['supplier_delay'],True,True,0,1,['2024-05-15'],True,4,1,1,deterministic_template,6.738084019161761
INC-008-2,transport_delay,['transport_delay'],True,True,0,1,['2024-09-02'],True,4,1,1,deterministic_template,6.534958025440574
INC-008-3,demand_surge,['demand_surge'],True,True,0,1,['2024-12-21'],True,4,1,1,deterministic_template,6.978541030548513
INC-008-4,forecast_bias,['forecast_bias'],True,True,0,1,['2025-04-10'],True,4,1,1,deterministic_template,6.9557499955408275
INC-008-5,overforecast,['overforecast'],True,True,0,1,['2025-07-26'],True,1,1,1,deterministic_template,7.290500041563064
